id,polar_id,spg1,polar_id2,spg2,polar_id1,natom,de,time,dist1,dist2,diff,label
   0, mp-625600,     1,  mp-626577,     2, H2MoO4       ,     14,  -0.001,    0.1,   0.389,   0.392,  0.003, new
   2, mp-626435,     1,  mp-626414,     2, AlH3O3       ,     28,   0.010,    0.2,   0.399,   0.395, -0.004, new
   4, mp-626586,     1,  mp-626577,     2, H2MoO4       ,     14,  -0.077,    0.3,   1.236,   1.142, -0.094, new
   6, mp-626114,     1,  mp-626104,     2, H2O10U3      ,     15,   0.034,    0.2,   1.320,   1.088, -0.232, new
   8, mp-626114,     1,  mp-626062,     2, H2O10U3      ,     15,  -0.034,    0.2,   0.643,   0.657,  0.014, new
  10, mp-626000,     4,  mp-23940 ,    11, HNaO         ,      6,   0.002,    0.0,   0.198,   0.235,  0.037, new
  12, mp-626582,     1,  mp-626577,     2, H2MoO4       ,     14,  -0.048,    0.4,   1.060,   1.076,  0.016, new
  14, mp-565192,     1,  mp-615173,     2, BiCuO8W2     ,     12,   0.000,    0.0,   0.051,   0.096,  0.045, new
  16, mp-554570,     4,  mp-560498,    11, C3ClH10NO4   ,     38,  -0.000,    0.1,   0.275,   0.260, -0.015, new
  18, mp-567594,     4,  mp-28421 ,    11, Cs2HgI4      ,     14,  -0.001,    0.0,   0.075,   0.082,  0.007, new
  20, mp-23535 ,     4,  mp-23495 ,    11, Br4K2Zn      ,     14,   0.001,    0.1,   0.140,   0.184,  0.044, Known
  22, mp-644852,     4,  mp-6568  ,    11, BaC2CaO6     ,     20,  -0.016,    0.1,   0.702,   0.272, -0.430, new
  24, mp-673245,     7,  mp-22895 ,   216, CuI          ,      8,  -0.003,    0.2,   0.115,   0.247,  0.132, new
  26, mp-626721,     4,  mp-643043,    11, HORb         ,      6,   0.007,    0.0,   0.402,   0.340, -0.062, new
  28, mp-762225,     4,  mp-34195 ,    11, BaCO3        ,     10,   0.001,    0.2,   1.307,   1.266, -0.041, new
  30, mp-861938,     4,  mp-12924 ,    11, KLaS4Si      ,     14,   0.003,    0.1,   0.282,   0.227, -0.055, new
  32, mp-561022,     4,  mp-556290,    11, F4MgSr       ,     72,   0.035,   19.9,   0.922,   0.729, -0.193, new
  34, mp-768350,     4,  mp-777744,    14, Ba2F7Y       ,     40,  -0.064,    1.0,   1.263,   1.195, -0.068, new
  36, mp-600236,     4,  mp-555729,    14, C6Cu2H10N4S3 ,    100,  -0.007,    3.4,   0.951,   0.964,  0.013, new
  38, mp-560899,     4,  mp-705495,    14, B3CaH5O8     ,     68,   0.004,    1.4,   0.957,   0.880, -0.077, new
  40, mp-557082,     4,  mp-558226,    19, H2O          ,     36,  -0.001,    4.4,   0.882,   0.527, -0.355, new
  42, mp-557082,     4,  mp-558958,    19, H2O          ,     36,   0.000,    4.4,   0.834,   0.530, -0.304, new
  44, mp-972808,     4,  mp-559091,   182, O2Si         ,     12,  -0.010,    1.0,   1.296,   0.819, -0.477, new
  46, mp-555891,     4,  mp-559091,   182, O2Si         ,     12,  -0.003,    0.8,   0.846,   0.779, -0.067, new
  48, mp-555966,     5,  mp-3943  ,    12, BaO5Ti2      ,     48,   0.003,    0.1,   0.169,   0.194,  0.025, new
  50, mp-600237,     5,  mp-654937,    15, AgC2O2       ,     80,  -0.001,    0.2,   0.142,   0.272,  0.130, new
  52, mp-541950,     5,  mp-557954,    82, GaN5O14      ,     40,   0.002,    0.3,   0.642,   0.563, -0.079, new
  54, mp-550320,     5,  mp-551848,   121, CLi4O4       ,     18,   0.058,    0.3,   0.798,   0.558, -0.240, new
  56, mp-551561,     5,  mp-549869,   121, CK4O4        ,     18,   0.006,    0.1,   0.608,   0.295, -0.313, new
  58, mp-13274 ,     5,  mp-546551,   121, CNa4O4       ,     18,   0.026,    0.3,   0.999,   0.637, -0.362, new
  60, mp-551176,     5,  mp-545760,   121, CO4Rb4       ,     18,   0.003,    0.1,   0.568,   0.286, -0.282, new
  62, mp-625452,     6,  mp-626361,    11, H3O3Pr       ,     14,   0.002,    0.1,   0.140,   0.156,  0.016, new
  64, mp-625452,     6,  mp-625447,   176, H3O3Pr       ,     14,  -0.000,    0.1,   0.102,   0.260,  0.158, new
  66, mp-626448,     7,  mp-626109,    14, H4O5S        ,     40,  -0.000,    0.4,   0.195,   0.232,  0.037, new
  68, mp-625256,     7,  mp-27773 ,    14, H5IO6        ,     48,  -0.001,    2.7,   0.268,   0.618,  0.350, new
  70, mp-626450,     7,  mp-23902 ,    14, H3O4P        ,     32,  -0.013,    1.3,   0.869,   0.640, -0.229, new
  72, mp-626450,     7,  mp-626449,    14, H3O4P        ,     32,  -0.003,    0.1,   0.391,   0.415,  0.024, new
  74, mp-27181 ,     7,  mp-568986,    14, AuCl4K       ,     24,   0.000,    0.1,   0.059,   0.089,  0.030, new
  76, mp-626587,     7,  mp-626605,    61, AlH3O3       ,     56,   0.008,    4.1,   0.628,   0.754,  0.126, new
  78, mp-723064,     7,  mp-23335 ,   139, Bi4O12Ti3    ,     38,   0.062,    0.5,   0.567,   0.474, -0.093, Known
  80, mp-605843,     8,  mp-549869,   121, CK4O4        ,     18,   0.002,    0.1,   0.288,   0.255, -0.033, new
  82, mp-557881,     8,  mp-558351,    12, O2Si         ,     72,  -0.000,    0.1,   0.131,   0.134,  0.003, new
  84, mp-29246 ,     9,  mp-644431,    15, Cd2ClP3      ,     24,   0.000,    0.0,   0.056,   0.073,  0.017, new
  86, mp-695383,     9,  mp-706912,    15, HK2NO6S2     ,     48,   0.006,    0.1,   0.594,   0.373, -0.221, new
  88, mp-625445,     9,  mp-690733,    15, H2O4S        ,     28,  -0.034,    0.2,   1.042,   0.861, -0.181, new
  90, mp-555313,     9,  mp-555769,    15, BiO3Sc       ,     40,   0.000,    0.1,   0.087,   0.092,  0.005, new
  92, mp-559949,     9,  mp-542833,    15, B2O6Zn3      ,     88,  -0.000,    0.2,   0.031,   0.030, -0.001, new
  94, mp-625184,    26,  mp-27425 ,    62, H2O2Sr       ,     20,  -0.001,    0.1,   0.180,   0.205,  0.025, new
  96, mp-950995,     9,  mp-985582,   216, ILi6PS5      ,     52,   0.016,    8.2,   0.769,   0.691, -0.078, new
  98, mp-625184,    26,  mp-625191,    62, H2O2Sr       ,     20,   0.002,    0.1,   0.255,   0.205, -0.050, new
 100, mp-721896,    26,  mp-23930 ,    62, CH4N2S       ,     32,  -0.006,    0.3,   0.770,   0.589, -0.181, Known
 102, mp-550714,    29,  mp-20878 ,    57, OPb          ,      8,  -0.002,    0.0,   0.528,   0.628,  0.100, new
 104, mp-20940 ,    26,  mp-14550 ,    62, CdO3Ti       ,     20,   0.003,    0.1,   0.122,   0.100, -0.022, Known
 106, mp-569051,    29,  mp-23711 ,    60, H2Mg         ,     12,  -0.040,    0.1,   0.849,   0.722, -0.127, new
 108, mp-558920,    29,  mp-3671  ,    57, NaNbO3       ,     40,  -0.000,    0.3,   0.682,   0.162, -0.520, Known
 110, mp-556605,    29,  mp-1565  ,   225, O2Zr         ,     12,   0.047,    3.2,   0.835,   0.701, -0.134, new
 112, mp-558920,    29,  mp-559354,    63, NaNbO3       ,     40,   0.022,    0.1,   0.493,   0.411, -0.082, Known
 114, mp-685097,    29,  mp-550893,   225, HfO2         ,     12,   0.060,    2.7,   0.863,   0.720, -0.143, new
 116, mp-504535,    31,  mp-632711,    58, HInO2        ,      8,   0.010,    0.1,   0.245,   0.218, -0.027, new
 118, mp-669414,    32,  mp-22734 ,    55, HfO3Pb       ,     40,  -0.003,    0.1,   0.608,   0.280, -0.328, Known
 120, mp-558579,    33,  mp-557687,    52, CHO2Tl       ,     20,  -0.000,    0.1,   0.078,   0.068, -0.010, new
 122, mp-647557,    32,  mp-542903,    55, O3PbZr       ,     40,  -0.005,    0.1,   0.363,   0.365,  0.002, Known
 124, mp-3491  ,    33,  mp-3612  ,    52, NbO4Sb       ,     24,   0.000,    0.1,   0.211,   0.203, -0.008, Known
 126, mp-6706  ,    33,  mp-559607,    52, O5PTiTl      ,     64,   0.004,    0.2,   0.663,   0.423, -0.240, Known
 128, mp-570828,    33,  mp-568001,    60, AlCl4Hg2Sb   ,     64,  -0.000,    0.3,   0.739,   0.672, -0.067, new
 130, mp-568031,    33,  mp-571190,    60, Cl4GaHg2Sb   ,     64,  -0.001,    0.3,   0.803,   0.730, -0.073, new
 132, mp-618177,    33,  mp-653454,    62, Cl4K2Zn      ,     28,  -0.000,    0.1,   0.115,   0.122,  0.007, Known
 134, mp-557803,    33,  mp-5026  ,    60, MgO3Si       ,     40,  -0.004,    0.3,   1.523,   0.920, -0.603, new
 136, mp-616185,    33,  mp-608314,    62, Cl4Rb2Zn     ,     28,  -0.000,    0.1,   0.114,   0.115,  0.001, Known
 138, mp-625175,    33,  mp-625148,    62, ClH3O5       ,     36,   0.047,    0.2,   1.187,   1.726,  0.539, new
 140, mp-698084,    33,  mp-706586,    62, ClH4NO4      ,     40,  -0.001,    0.1,   0.902,   0.822, -0.080, new
 146, mp-27925 ,    33,  mp-558238,    62, Er2F7K       ,     80,  -0.000,    0.1,   0.184,   0.223,  0.039, new
 148, mp-619032,    33,  mp-19727 ,    62, CN2Pb        ,     16,  -0.003,    0.0,   0.195,   0.139, -0.056, new
 150, mp-5052  ,    33,  mp-14550 ,    62, CdO3Ti       ,     20,   0.004,    0.0,   0.148,   0.121, -0.027, Known
 152, mp-556892,    33,  mp-561102,    62, BiInO3       ,     20,   0.011,    0.1,   1.405,   0.339, -1.066, Known
 154, mp-556918,    33,  mp-5803  ,    62, NbO5P        ,     28,  -0.001,    0.1,   0.159,   0.182,  0.023, new
 156, mp-559752,    33,  mp-18673 ,    62, CsO4PZn      ,     28,   0.012,    0.1,   0.678,   0.638, -0.040, new
 158, mp-620058,    33,  mp-667338,    62, N6Pb         ,     84,  -0.000,    0.1,   0.228,   0.168, -0.060, new
 160, mp-24603 ,    33,  mp-733653,    63, Al2CaH4O10Si2,     76,   0.005,    0.6,   0.753,   0.716, -0.037, new
 162, mp-571636,    36,  mp-571555,    63, ClIn         ,      8,  -0.000,    0.0,   0.039,   0.072,  0.033, new
 164, mp-637188,    34,  mp-504466,    58, Ag2O4W       ,     56,  -0.003,    0.2,   0.391,   0.241, -0.150, new
 166, mp-32669 ,    36,  mp-36216 ,    63, Ag2S         ,     12,   0.003,    0.0,   0.142,   0.100, -0.042, new
 168, mp-13664 ,    36,  mp-12286 ,    63, O7Sr2Ta2     ,     44,  -0.000,    0.1,   0.088,   0.078, -0.010, Known
 170, mp-21521 ,    36,  mp-21283 ,    63, Cs2O3Pb      ,     24,   0.000,    0.0,   0.287,   0.276, -0.011, new
 172, mp-626885,    36,  mp-626876,    64, H2O4U        ,     28,   0.095,    0.1,   1.415,   0.134, -1.281, new
 174, mp-568386,    36,  mp-568392,    63, Ag10Br3Te4   ,    136,  -0.002,    0.3,   0.717,   0.612, -0.105, new
 176, mp-16964 ,    36,  mp-560826,    63, O2Si         ,     72,   0.004,    0.2,   0.688,   0.609, -0.079, new
 178, mp-626885,    36,  mp-626864,    64, H2O4U        ,     28,  -0.004,    0.1,   0.174,   0.134, -0.040, new
 180, mp-557264,    36,  mp-559313,    64, O2Si         ,     48,   0.004,    0.1,   0.737,   0.628, -0.109, new
 182, mp-556218,    36,  mp-560826,    63, O2Si         ,     72,   0.004,    0.1,   0.570,   0.438, -0.132, new
 184, mp-558134,    39,  mp-2175  ,   225, FTl          ,      8,   0.030,    2.1,   0.504,   0.648,  0.144, new
 186, mp-685150,    41,  mp-315   ,   225, F2Pb         ,     12,  -0.002,    0.1,   0.092,   0.121,  0.029, new
 188, mp-849760,    40,  mp-766293,    63, AgAl11O17    ,    116,   0.000,    0.5,   1.118,   1.074, -0.044, new
 190, mp-638070,    44,  mp-655591,    74, B13C2Li      ,     64,  -0.000,    0.1,   0.039,   0.099,  0.060, new
 192, mp-677103,    46,  mp-29764 ,   140, F2HRb        ,     16,  -0.001,    0.1,   0.082,   0.101,  0.019, new
 194, mp-19931 ,    46,  mp-6319  ,    74, AlF7MgNa2    ,     44,  -0.000,    0.1,   0.208,   0.202, -0.006, new
 196, mp-5986  ,    99,  mp-2998  ,   221, BaO3Ti       ,      5,   0.011,    0.1,   0.222,   0.275,  0.053, Known
 198, mp-12992 ,    99,  mp-2998  ,   221, BaO3Ti       ,      5,   0.011,    0.1,   0.129,   0.275,  0.146, Known
 200, mp-4342  ,    99,  mp-935811,   221, KNbO3        ,      5,   0.011,    0.1,   0.226,   0.179, -0.047, Known
 202, mp-13108 ,    99,  mp-4551  ,   221, HfO3Sr       ,      5,   0.000,    0.1,   0.114,   0.091, -0.023, new
 204, mp-20459 ,    99,  mp-19845 ,   221, O3PbTi       ,      5,   0.040,    0.1,   0.576,   0.417, -0.159, Known
 206, mp-559112,   102,  mp-540728,   136, K2O7Zn6      ,     30,  -0.001,    0.0,   0.221,   0.171, -0.050, new
 208, mp-22995 ,   146,  mp-676561,   155, Ag3IS        ,     15,   0.011,    0.0,   1.148,   0.329, -0.819, new
 210, mp-541732,   108,  mp-557911,   140, Al3F19Pb5    ,    108,   0.020,    0.1,   0.764,   0.732, -0.032, new
 212, mp-625733,   173,  mp-625394,   176, H3LaO3       ,     14,  -0.002,    0.0,   0.189,   0.173, -0.016, new
 214, mp-3731  ,   161,  mp-552588,   167, LiNbO3       ,     30,   0.031,    0.0,   1.339,   0.389, -0.950, Known
 216, mp-625677,   173,  mp-24076 ,   176, H3O3Y        ,     14,  -0.001,    0.0,   0.088,   0.135,  0.047, new
 218, mp-554946,    44,  mp-644923,   119, O2Si         ,    288,   0.005,    0.9,   0.575,   0.363, -0.212, new
 220, mp-39460 ,   173,  mp-554236,   176, Ca5ClO12P3   ,     42,   0.001,    0.1,   0.446,   0.308, -0.138, new
 222, mp-32662 ,   185,  mp-32777 ,   193, O3W          ,     24,   0.001,    0.0,   0.242,   0.090, -0.152, new
 224, mp-18511 ,   185,  mp-18074 ,   193, F3Nd         ,     24,   0.171,    0.0,   1.143,   0.753, -0.390, new
 226, mp-661   ,   186,  mp-13178 ,   194, AlN          ,      4,   0.115,    0.0,   0.664,   0.311, -0.353, new
 228, mp-696998,   186,  mp-723540,   194, BiCl8F4H3K6  ,     44,  -0.001,    0.0,   0.161,   0.152, -0.009, new
 230, mp-19241 ,   186,  mp-19138 ,   194, BaNiO3       ,     10,   0.000,    0.0,   0.046,   0.055,  0.009, new
 232, mp-675879,     4,  mp-676561,   155, Ag3IS        ,     10,   0.002,    0.4,   1.020,   0.518, -0.502, new
 234, mp-32662 ,   185,  mp-559175,   191, O3W          ,     24,   0.001,    0.0,   0.127,   0.111, -0.016, new
 236, mp-32662 ,   185,  mp-715590,   191, O3W          ,     24,   0.001,    0.0,   0.127,   0.111, -0.016, new
 238, mp-562815,   146,  mp-605824,   215, CCs4O4       ,     27,  -0.003,    0.0,   0.289,   0.260, -0.029, new
 240, mp-622198,    41,  mp-23335 ,   139, Bi4O12Ti3    ,     76,   0.023,    0.2,   0.486,   0.422, -0.064, new
 242, mp-545630,   160,  mp-551736,   215, CK4O4        ,     27,  -0.002,    0.0,   0.584,   0.291, -0.293, new
 244, mp-9781  ,    36,  mp-9911  ,   217, K3S4Sb       ,     32,   0.008,    0.6,   0.736,   0.630, -0.106, new
 246, mp-550314,   146,  mp-546320,   215, CO4Rb4       ,     27,  -0.001,    0.0,   0.120,   0.107, -0.013, new
 248, mp-552623,   146,  mp-551886,   215, CNa4O4       ,     27,  -0.001,    0.0,   0.151,   0.123, -0.028, new
 250, mp-625789,     9,  mp-625541,   114, H2O4Sn3      ,     72,  -0.008,    0.6,   0.675,   1.228,  0.553, new
 252, mp-545387,   146,  mp-551736,   215, CK4O4        ,     27,  -0.001,    0.0,   0.171,   0.122, -0.049, new
 254, mp-675524,    38,  mp-23037 ,   221, Cl3CsPb      ,     20,   0.007,    0.1,   0.580,   0.477, -0.103, new
 256, mp-552941,   146,  mp-551886,   215, CNa4O4       ,     27,   0.153,    0.2,   1.358,   1.090, -0.268, new
 258, mp-23089 ,    36,  mp-554675,   139, Bi2O9SrTa2   ,     56,   0.028,    0.2,   0.547,   0.493, -0.054, Known
 260, mp-559951,    41,  mp-554675,   139, Bi2O9SrTa2   ,     56,   0.019,    0.3,   0.514,   0.396, -0.118, Known
 262, mp-626000,     4,  mp-23891 ,    63, HNaO         ,      6,   0.001,    0.0,   0.196,   0.229,  0.033, new
 264, mp-769007,   185,  mp-768479,   194, O3ScY        ,     30,   0.011,    0.1,   0.321,   0.301, -0.020, new
 266, mp-769079,   185,  mp-754165,   194, GaO3Sc       ,     30,   0.013,    0.1,   0.406,   0.326, -0.080, new
 268, mp-20282 ,   161,  mp-5811  ,   221, CsF3Pb       ,     30,   0.005,    0.1,   0.451,   0.393, -0.058, new
 270, mp-550593,   160,  mp-546202,   215, CLi4O4       ,     27,   0.003,    0.0,   0.230,   0.194, -0.036, new
 272, mp-768505,   185,  mp-755342,   194, GaLuO3       ,     30,   0.021,    0.1,   0.332,   0.293, -0.039, new
 274, mp-555837,    38,  mp-561189,   189, O23Rb6Si10   ,     78,   0.008,    0.5,   0.653,   0.515, -0.138, new
 276, mp-681439,     5,  mp-541661,   167, LiO12P3Zr2   ,     72,   0.003,    1.0,   1.229,   0.774, -0.455, new
 278, mp-27376 ,    38,  mp-561189,   189, O23Rb6Si10   ,     78,   0.013,    0.5,   0.726,   0.615, -0.111, new
 280, mp-23667 ,    43,  mp-642831,   122, H2O4PRb      ,     64,   0.006,    0.1,   0.325,   0.224, -0.101, new
 282, mvc-3494 ,   185,  mvc-13972,   194, AlBiO3       ,     30,   0.348,    0.3,   1.430,   1.069, -0.361, new
 284, mp-550498,     5,  mp-551740,   121, CLi4O4       ,     18,  -0.001,    0.1,   0.213,   0.149, -0.064, new
 286, mp-5020  ,   160,  mp-2998  ,   221, BaO3Ti       ,     15,   0.014,    0.0,   0.204,   0.255,  0.051, Known
 288, mp-23959 ,    43,  mp-696752,   122, H2KO4P       ,     64,   0.005,    0.1,   0.234,   0.214, -0.020, Known
 290, mp-4681  ,    26,  mp-4419  ,   127, NaNbO3       ,     20,   0.015,    0.1,   0.420,   0.361, -0.059, new
 292, mp-7375  ,   160,  mp-935811,   221, KNbO3        ,     15,   0.013,    0.0,   0.177,   0.130, -0.047, Known
 294, mp-5246  ,    38,  mp-935811,   221, KNbO3        ,     10,   0.013,    0.1,   0.217,   0.153, -0.064, Known
 296, mp-583454,    36,  mp-23101 ,   139, Bi2Nb2O9Pb   ,     56,   0.041,    0.1,   0.521,   0.489, -0.032, Known
 298, mp-4202  ,   173,  mp-619456,   182, Al2BaO4      ,     56,   0.004,    0.8,   0.558,   0.543, -0.015, new
 300, mp-5777  ,    38,  mp-2998  ,   221, BaO3Ti       ,     10,   0.014,    0.1,   0.241,   0.256,  0.015, Known
 302, mp-675879,     4,  mp-558189,   221, Ag3IS        ,     10,   0.041,    1.1,   0.773,   0.698, -0.075, new
 304, mp-4202  ,   173,  mp-3828  ,   182, Al2BaO4      ,     56,   0.004,    0.8,   0.559,   0.543, -0.016, new
 306, mp-555235,     9,  mp-7087  ,   194, O2Si         ,     24,   0.008,    0.5,   0.784,   0.648, -0.136, new
 308, mp-560030,    26,  mp-554355,   123, CaF2         ,      6,   0.058,    0.4,   0.831,   0.660, -0.171, new
 310, mvc-3460 ,   185,  mvc-14740,   194, O3SbY        ,     30,   0.017,    0.1,   0.457,   0.392, -0.065, new
 312, mvc-3479 ,   185,  mvc-15941,   194, BiO3Y        ,     30,   0.035,    0.2,   0.646,   0.598, -0.048, new
 314, mp-557025,    33,  mp-5226  ,    62, K2O4Se       ,     84,   0.000,    0.4,   0.405,   0.381, -0.024, Known
 316, mp-765122,    33,  mp-765966,   225, F6LiV        ,     32,  -0.024,    6.1,   1.704,   1.793,  0.089, new
 318, mp-757909,     9,  mp-24262 ,    14, H2KO4P       ,    128,   0.003,    0.5,   0.361,   0.350, -0.011, new
 320, mp-555313,     9,  mp-550008,   221, BiO3Sc       ,     40,   0.324,   59.0,   0.730,   0.650, -0.080, new
 322, mp-551918,   161,  mp-23080 ,   221, AlBiO3       ,     30,   0.068,    0.1,   0.477,   0.311, -0.166, new
 324, mp-556892,    33,  mp-545379,   221, BiInO3       ,     20,   0.467,    2.2,   0.817,   0.758, -0.059, Known
 326, mvc-14734,   185,  mvc-14413,   194, O3Te         ,     24,   0.002,    0.1,   0.504,   0.430, -0.074, new
 328, mp-555891,     4,  mp-7648  ,    20, O2Si         ,     12,  -0.000,    0.1,   0.341,   0.485,  0.144, new
 330, mp-645295,     8,  mp-551886,   215, CNa4O4       ,     18,  -0.000,    0.6,   0.670,   0.619, -0.051, new
 332, mp-551176,     5,  mp-550679,    23, CO4Rb4       ,     18,  -0.004,    0.1,   0.742,   0.383, -0.359, new
 334, mp-647575,    33,  mp-653454,    62, Cl4K2Zn      ,     84,   0.013,    1.3,   0.679,   0.618, -0.061, Known
 336, mp-568350,    33,  mp-608314,    62, Cl4Rb2Zn     ,     84,   0.006,    1.3,   0.924,   0.843, -0.081, Known
 338, mp-23087 ,    29,  mp-23617 ,   219, B7ClMg3O13   ,     96,   0.010,    0.6,   0.496,   0.425, -0.071, Known
 340, mp-557711,    26,  mp-15248 ,   189, B2K3Nb3O12   ,     80,   0.004,    0.2,   0.219,   0.173, -0.046, new
 342, mp-550320,     5,  mp-551740,   121, CLi4O4       ,     18,   0.014,    0.3,   1.161,   0.871, -0.290, new
 344, mp-675395,     6,  mp-23680 ,    11, C2HO2        ,     40,  -0.003,    0.1,   0.313,   0.406,  0.093, new
 348, mp-560025,     4,  mp-556225,    11, Ag2S         ,      6,  -0.076,    0.0,   0.727,   0.494, -0.233, new
 350, mp-560025,     4,  mp-32791 ,    64, Ag2S         ,      6,   0.003,    0.2,   0.814,   0.666, -0.148, new
 352, mp-770427,     4,  mp-770125,    62, BaCl5La      ,     28,   0.014,    0.7,   1.524,   1.142, -0.382, new
 354, mp-699136,    46,  mp-644506,    74, AlCH2NaO5    ,     40,  -0.001,    0.1,   0.084,   0.083, -0.001, new
 356, mp-24614 ,    33,  mp-604245,    62, BeF4H8N2     ,    120,   0.010,    0.3,   0.553,   0.477, -0.076, new
 358, mp-642739,     8,  mp-570223,   221, Br3CsGe      ,     10,   0.015,    0.1,   0.331,   0.234, -0.097, new
 360, mp-625475,     5,  mp-690733,    15, H2O4S        ,     28,  -0.003,    0.5,   0.983,   0.907, -0.076, new
 362, mp-24614 ,    33,  mp-720982,    62, BeF4H8N2     ,    120,   0.010,    0.4,   0.546,   0.474, -0.072, new
 366, mp-765140,     9,  mvc-14312,    15, F5V          ,     24,   0.003,    0.5,   2.017,   1.004, -1.013, new
 368, mp-766786,     9,  mvc-14312,    15, F5V          ,     24,   0.023,    0.1,   1.578,   0.242, -1.336, new
 372, mp-23427 ,    41,  mp-23335 ,   139, Bi4O12Ti3    ,     76,   0.063,    0.3,   0.561,   0.492, -0.069, new
 374, mp-684609,    44,  mp-634101,   139, ClH          ,      4,   0.273,    0.1,   1.144,   0.465, -0.679, new
 378, mp-646007,     8,  mp-655613,    12, Cs2N2Tb6Te7  ,     34,   0.000,    0.1,   0.072,   0.108,  0.036, new
 380, mp-634410,     5,  mp-570538,    12, N3Na         ,      8,  -0.013,    0.1,   1.551,   1.182, -0.369, new
 384, mp-674508,     9,  mp-21043 ,   221, F3PbRb       ,     20,   0.034,    3.5,   0.775,   0.673, -0.102, new
 386, mp-778973,    29,  mp-772617,   205, N2O6Zn       ,     72,  -0.004,    5.9,   1.144,   1.019, -0.125, new
 388, mp-715584,     7,  mvc-12752,    62, MoO3         ,     16,   0.064,    0.2,   0.671,   0.446, -0.225, new
 390, mp-776410,    29,  mp-771046,   205, MgN2O6       ,     72,  -0.009,    5.0,   1.202,   1.110, -0.092, new
 392, mp-765128,     4,  mp-763828,    14, C2CoLi2O6    ,     44,  -0.025,    1.2,   1.357,   1.296, -0.061, new
 394, mp-765126,     4,  mp-763828,    14, C2CoLi2O6    ,     44,  -0.019,    0.9,   1.560,   1.296, -0.264, new
 396, mp-625857,     4,  mp-625830,    19, H2O2Zn       ,     20,  -0.002,    0.4,   1.274,   0.075, -1.199, new
 400, mp-763217,     4,  mp-762173,    62, LiNiO4P      ,     28,   0.095,    0.7,   1.505,   1.418, -0.087, new
 402, mp-989229,     5,  mp-865188,    12, Cl2H8MgO12   ,     46,  -0.018,    0.1,   1.456,   0.806, -0.650, new
 404, mp-625526,     7,  mp-625513,    14, H2O4Te       ,     14,   0.013,    0.5,   1.284,   0.840, -0.444, new
 406, mp-625256,     7,  mp-625174,    14, H5IO6        ,     48,   0.005,    2.9,   1.419,   1.100, -0.319, new
 408, mp-626450,     7,  mp-626464,    14, H3O4P        ,     32,   0.010,    0.8,   1.379,   1.114, -0.265, new
 410, mp-561113,     7,  mp-558712,    52, Ag2BiO3      ,     24,   0.003,    0.1,   0.388,   0.344, -0.044, new
 412, mp-625836,     9,  mp-625812,    15, H4O6Sr       ,     44,  -0.038,    0.3,   1.017,   1.030,  0.013, new
 414, mp-752467,     9,  mp-35171 ,    15, FNbO2        ,     16,   0.112,    0.1,   1.571,   1.480, -0.091, new
 416, mp-625474,     9,  mp-690733,    15, H2O4S        ,     28,  -0.047,    0.5,   1.503,   1.091, -0.412, new
 418, mp-762896,     9,  mp-540020,    15, Fe4LiO12P3   ,     80,  -0.010,    0.7,   1.411,   0.784, -0.627, new
 420, mp-25708 ,    29,  mp-567075,    61, Bi2MoO6      ,     36,   0.045,    0.2,   0.788,   0.432, -0.356, new
 422, mp-25708 ,    29,  mp-567326,    64, Bi2MoO6      ,     36,   0.046,    0.1,   0.492,   0.432, -0.060, new
 424, mp-230   ,    33,  mp-560098,    52, O2Sb         ,     24,   0.001,    0.1,   1.467,   0.287, -1.180, new
 426, mp-554089,    33,  mp-10948 ,    60, O2Si         ,     12,   0.252,    0.1,   1.669,   1.299, -0.370, new
 428, mp-579331,    33,  mp-555882,    60, F5FeK2       ,    128,  -0.000,    0.6,   0.083,   0.081, -0.002, new
 430, mp-571242,    33,  mp-23076 ,    62, Cl4CoRb2     ,     28,  -0.001,    0.1,   0.272,   0.220, -0.052, new
 432, mp-566511,    33,  mp-19703 ,    62, Ba2CrO4      ,     28,  -0.000,    0.1,   0.097,   0.098,  0.001, new
 434, mp-766735,    33,  mp-868359,    62, LiMnO4P      ,     28,   0.030,    0.1,   0.921,   0.785, -0.136, new
 436, mp-777471,    33,  mp-777588,    63, F4FeLi2      ,     28,   0.045,    0.2,   1.375,   1.053, -0.322, new
 438, mp-767103,    33,  mp-767620,    62, LiO4SiV      ,     28,   0.019,    0.1,   1.875,   1.342, -0.533, new
 440, mp-761399,    33,  mp-761401,    63, CrLiO4P      ,     28,   0.028,    0.2,   1.614,   1.309, -0.305, new
 442, mp-554089,    33,  mp-7905  ,    72, O2Si         ,     12,   0.415,    0.2,   1.647,   1.364, -0.283, new
 446, mp-32669 ,    36,  mp-32791 ,    64, Ag2S         ,     12,   0.082,    0.1,   0.986,   0.646, -0.340, new
 450, mp-764895,     4,  mp-766952,    10, F4LiV        ,     12,   0.049,    0.6,   1.619,   1.433, -0.186, new
 452, mp-763531,     5,  mp-763372,   167, LiO12P3W2    ,     72,   0.002,    0.3,   0.798,   0.455, -0.343, new
 454, mp-762593,    33,  mp-765913,    63, FeLiO4P      ,     84,   0.016,    3.1,   1.175,   0.975, -0.200, new
 456, mp-553881,     7,  mp-10948 ,    60, O2Si         ,     12,  -0.106,    0.5,   1.554,   0.626, -0.928, new
 458, mp-579770,    29,  mp-566691,   219, B7ClCr3O13   ,     96,   0.000,    0.8,   0.097,   0.101,  0.004, new
 460, mp-38511 ,     7,  mp-32791 ,    64, Ag2S         ,      6,   0.045,    0.1,   1.637,   0.659, -0.978, new
 462, mp-560025,     4,  mp-36216 ,    63, Ag2S         ,      6,  -0.077,    0.0,   1.264,   0.473, -0.791, new
 464, mp-868263,     1,  mp-770536,    15, F5H2Li2OV    ,     22,   0.005,    0.7,   0.910,   0.615, -0.295, new
 466, mp-625318,     1,  mp-625316,     2, AlH3O3       ,     14,   0.004,    0.2,   1.754,   0.560, -1.194, new
 470, mp-761299,    33,  mp-771049,    62, BCoLi2O4     ,     32,   0.033,    0.1,   1.972,   1.462, -0.510, new
 472, mp-766664,    33,  mp-762643,    63, FeLiO4Si     ,     84,  -0.001,    0.4,   0.112,   0.127,  0.015, new
 476, mp-625871,     9,  mp-625821,    15, H4O6Sr       ,     44,  -0.071,    0.3,   1.645,   1.386, -0.259, new
 478, mp-762728,     1,  mp-853256,     2, Fe2Li3O12P3  ,     40,   0.009,    0.4,   1.471,   1.532,  0.061, new
 480, mp-715598,     1,  mp-556332,     2, O13V7        ,     40,  -0.002,    3.7,   0.274,   0.320,  0.046, new
 482, mp-612405,     8,  mp-715614,    12, Fe3O4        ,     28,   0.003,    0.1,   0.347,   0.180, -0.167, new
 484, mp-553881,     7,  mp-10064 ,   225, O2Si         ,     12,   0.911,   18.5,   2.086,   1.082, -1.004, new
 486, mp-868339,     9,  mp-868378,    15, LiNi4O12P3   ,     80,   0.005,    0.6,   1.515,   1.002, -0.513, new
 488, mp-626791,    26,  mp-626796,    62, HO2V         ,     16,   0.005,    0.1,   0.134,   0.230,  0.096, new
 490, mp-626791,    26,  mp-626787,    62, HO2V         ,     16,  -0.003,    0.1,   0.149,   0.230,  0.081, new
 492, mp-772673,    33,  mp-761990,    63, LiNiO4P      ,     28,   0.044,    0.2,   1.712,   1.316, -0.396, new
 494, mp-25156 ,   186,  mp-510616,   194, NaO11V6      ,     36,  -0.000,    0.1,   0.260,   0.127, -0.133, new
 496, mp-568864,     5,  mp-568887,    12, Cl3CrRb      ,     40,   0.006,    0.4,   0.333,   0.257, -0.076, new
 498, mp-568231,   185,  mp-29763 ,   194, Br3MnRb      ,     30,   0.001,    0.1,   0.475,   0.388, -0.087, new
 500, mp-19267 ,   185,  mp-19156 ,   194, BaMnO3       ,     30,   0.008,    0.1,   0.571,   0.454, -0.117, new
 502, mp-761391,     4,  mp-25507 ,    62, CrLiO4P      ,     28,  -0.003,    0.4,   0.463,   0.959,  0.496,+++++ new
 504, mp-31917 ,    29,  mp-565322,   219, B7IMn3O13    ,     96,   0.005,    0.4,   0.471,   0.375, -0.096, new
 506, mvc-13999,   185,  mvc-11097,   194, CrO3         ,     24,   0.413,    0.2,   2.260,   0.654, -1.606, new
 508, mp-555525,    33,  mp-5779  ,    63, O7RuSm3      ,     88,   0.006,    2.3,   0.564,   0.524, -0.040, new
 510, mp-555639,    33,  mp-5447  ,    63, O7OsSm3      ,     88,   0.014,    1.8,   0.573,   0.540, -0.033, new
 512, mp-625109,     7,  mp-625108,    14, H5NO2        ,     32,   0.002,    1.5,   0.768,   0.840,  0.072, new
 514, mvc-12012,     5,  mvc-11366,    15, CoO6Si2      ,     36,   0.002,    0.1,   0.099,   0.224,  0.125, new
 516, mvc-12661,     6,  mvc-15076,    62, Fe2O4Zn      ,     28,   0.000,    0.1,   0.131,   0.171,  0.040, new
 518, mvc-12583,     8,  mvc-8188 ,    12, CaFe2O4      ,     28,   0.027,    0.1,   1.153,   0.830, -0.323, new
 520, mp-753171,     7,  mp-753123,    64, CuF4Li2      ,     14,   0.009,    0.2,   1.474,   1.308, -0.166, new
 522, mp-553955,     9,  mp-714906,   167, O3V2         ,     20,   0.003,    0.1,   0.868,   0.250, -0.618, new
 524, mp-629088,     4,  mp-505740,    11, Eu2GeSe4     ,     14,   0.016,    0.1,   0.405,   0.363, -0.042, new
 526, mp-667381,     3,  mp-581090,    12, Ba3C5Ce2F2O15,    108,   0.000,    1.0,   0.000,   0.244,  0.244, new
 528, mp-22809 ,     4,  mp-11170 ,    11, CeKS4Si      ,     14,   0.000,    0.1,   0.303,   0.242, -0.061, new
 530, mp-765204,     4,  mp-763085,    14, F7LiMn2      ,     40,  -0.013,    1.1,   0.900,   0.790, -0.110, new
 532, mp-625314,     4,  mp-625269,    19, FeHO2        ,     16,  -0.014,    1.1,   2.073,   0.499, -1.574, new
 534, mp-761753,     4,  mp-18915 ,    62, CoLiO4P      ,     28,  -0.038,    0.6,   1.025,   0.990, -0.035, new
 536, mp-976139,    25,  mp-976254,   221, Li3Mg        ,      4,   0.000,    0.1,   0.000,   0.441,  0.441, new
 538, mp-571305,     5,  mp-568857,    15, Cl3CuRb      ,     40,   0.000,    0.2,   0.052,   0.053,  0.001, new
 540, mp-568864,     5,  mp-30027 ,    15, Cl3CrRb      ,     40,  -0.001,    0.1,   0.138,   0.099, -0.039, new
 542, mp-639335,     6,  mp-655834,    55, BrMnSbSe2    ,     40,   0.015,    0.1,   0.906,   0.203, -0.703, new
 544, mp-761193,     9,  mp-26741 ,    15, Cu4LiO12P3   ,     80,  -0.046,    0.2,   1.810,   0.982, -0.828, new
 548, mp-32021 ,     9,  mp-853253,    15, LiMn4O12P3   ,     80,   0.024,    1.0,   1.319,   0.796, -0.523, new
 550, mp-777891,    31,  mp-778352,    62, F4FeLi       ,     48,   0.004,    0.8,   1.672,   1.140, -0.532, new
 552, mp-649957,    33,  mp-639719,    62, Cu3Mo2O9     ,     56,   0.000,    0.1,   0.000,   0.111,  0.111, new
 554, mp-651772,    33,  mp-28500 ,    62, Te5U         ,     24,   0.000,    0.1,   0.000,   0.134,  0.134, new
 556, mp-752507,    33,  mp-758750,    63, CuLiO4P      ,     28,   0.037,    0.2,   1.493,   1.163, -0.330, new
 558, mp-757209,    33,  mp-25449 ,    62, CuLiO4P      ,     28,  -0.034,    0.1,   1.799,   1.378, -0.421, new
 560, mp-23558 ,    34,  mp-558712,    52, Ag2BiO3      ,     24,   0.005,    0.1,   0.188,   0.182, -0.006, new
 562, mp-19042 ,    36,  mp-19610 ,    63, Ca3Mn2O7     ,     48,   0.010,    0.0,   0.389,   0.340, -0.049, new
 564, mp-685146,    36,  mp-2388  ,   225, CdTe         ,      8,   0.000,    2.3,   0.000,   0.850,  0.850, new
 570, mp-704745,    38,  mp-31217 ,    65, Cu8O         ,     18,   0.000,    0.1,   0.000,   0.511,  0.511, new
 572, mp-566483,    44,  mp-558817,    74, F7FeNa2Ni    ,     44,   0.000,    0.1,   0.058,   0.048, -0.010, new
 576, mp-973320,    44,  mp-973308,   139, In3Mg        ,      8,   0.000,    0.1,   0.000,   0.509,  0.509, new
 578, mp-675078,    79,  mp-27660 ,    87, BaFe2S4      ,     14,   0.000,    0.0,   0.000,   0.333,  0.333, new
 580, mp-675078,    79,  mp-676036,    97, BaFe2S4      ,     14,   0.023,    0.1,   0.845,   0.574, -0.271, new
 582, mp-43    ,   102,  mp-93    ,   136, U            ,     30,   0.011,    0.1,   0.233,   0.235,  0.002, new
 584, mp-849081,   146,  mp-555569,   148, Cr2S3        ,     30,   0.021,    0.0,   0.409,   0.172, -0.237, new
 586, mp-569978,   160,  mp-29474 ,   166, Cl8Na2Ti3    ,     39,   0.051,    0.0,   0.575,   0.364, -0.211, new
 588, mp-568266,   186,  mp-11581 ,   194, As2NiTm2     ,     10,  -0.002,    0.0,   0.214,   0.214,  0.000, new
 590, mp-619128,   186,  mp-25790 ,   194, O11PbV6      ,     36,   0.002,    0.1,   0.395,   0.248, -0.147, new
 592, mp-613442,   173,  mp-545343,   182, ILiO3        ,     10,   0.237,    0.0,   0.720,   0.470, -0.250, new
 594, mp-22955 ,   173,  mp-545343,   182, ILiO3        ,     10,   0.237,    0.0,   0.635,   0.470, -0.165, new
 596, mp-22683 ,   186,  mp-22761 ,   194, CeCuSn       ,      6,   0.009,    0.0,   0.360,   0.262, -0.098, new
 598, mp-22953 ,   186,  mp-22960 ,   194, BiCuYb       ,      6,   0.034,    0.0,   0.571,   0.398, -0.173, new
 600, mp-567768,   186,  mp-5111  ,   194, CuGeYb       ,      6,   0.000,    0.0,   0.051,   0.086,  0.035, new
 602, mp-11701 ,   186,  mp-9439  ,   194, CuSbYb       ,      6,   0.000,    0.0,   0.000,   0.352,  0.352, new
 604, mp-610955,   186,  mp-570326,   194, Cl3CrCs      ,     10,  -0.000,    0.0,   0.072,   0.094,  0.022, new
 606, mp-559694,   160,  mp-2885  ,   216, GaMo4S8      ,     39,   0.000,    0.1,   0.000,   0.104,  0.104, new
 608, mp-22995 ,   146,  mp-558189,   221, Ag3IS        ,     15,   0.050,    0.2,   0.627,   0.587, -0.040, new
 610, mp-29314 ,   185,  mp-570099,   194, Br3RbV       ,     30,   0.000,    0.0,   0.235,   0.208, -0.027, new
 612, mp-771123,   185,  mp-769970,   194, FeO3Sc       ,     30,   0.015,    0.1,   0.460,   0.339, -0.121, new
 614, mp-715553,     1,  mp-714880,    58, O2V          ,     12,  -0.069,   12.1,   1.757,   0.951, -0.806, new
 616, mp-19385 ,   185,  mp-19227 ,   194, MnO3Y        ,     30,   0.021,    0.1,   0.351,   0.288, -0.063, new
 618, mp-19385 ,   185,  mvc-11553,   194, MnO3Y        ,     30,   0.021,    0.1,   0.353,   0.288, -0.065, new
 620, mp-569051,    29,  mp-100890,1  225, H2Mg         ,     12,   0.068,    2.7,   0.994,   0.804, -0.190, new
 622, mvc-3774 ,   185,  mvc-13532,   194, AlCoO3       ,     30,   0.042,    0.1,   0.785,   0.449, -0.336, new
 624, mp-3451  ,    36,  mp-4227  ,   194, BaS3V        ,     20,   0.014,    0.0,   0.315,   0.285, -0.030, new
 626, mp-567394,   160,  mp-5584  ,   216, GaMo4Se8     ,     39,   0.005,    0.1,   0.156,   0.093, -0.063, new
 628, mp-554868,   160,  mp-3861  ,   216, AlMo4S8      ,     39,   0.002,    0.1,   0.123,   0.055, -0.068, new
 630, mvc-3775 ,   185,  mvc-13996,   194, AlCrO3       ,     30,  -0.000,    0.1,   0.368,   0.288, -0.080, new
 632, mp-542817,     4,  mp-569752,    63, PtU          ,     16,   0.000,    0.1,   0.000,   0.290,  0.290, new
 634, mvc-16083,   160,  mp-3861  ,   216, AlMo4S8      ,     39,   0.002,    0.1,   0.123,   0.055, -0.068, new
 636, mvc-3431 ,   185,  mvc-13995,   194, O3TiY        ,     30,   0.026,    0.1,   0.366,   0.327, -0.039, new
 638, mvc-16316,   185,  mp-19227 ,   194, MnO3Y        ,     30,   0.021,    0.1,   0.353,   0.293, -0.060, new
 640, mp-19042 ,    36,  mp-19124 ,   139, Ca3Mn2O7     ,     48,   0.000,    0.1,   0.000,   0.423,  0.423, new
 642, mvc-12125,   160,  mp-25519 ,   166, FeO2         ,     36,   0.000,    0.3,   0.000,   0.951,  0.951, new
 644, mvc-3464 ,   185,  mvc-13971,   194, O3SnY        ,     30,   0.000,    0.1,   0.000,   0.355,  0.355, new
 646, mvc-9645 ,   160,  mp-32548 ,   225, BiO2         ,     36,   0.028,    0.1,   0.523,   0.372, -0.151, new
 648, mvc-13988,   185,  mvc-11457,   194, O3W          ,     24,   0.009,    0.1,   0.569,   0.418, -0.151, new
 650, mvc-3768 ,   185,  mvc-3569 ,   194, CrO3Y        ,     30,   0.014,    0.1,   0.303,   0.298, -0.005, new
 652, mvc-16316,   185,  mvc-11553,   194, MnO3Y        ,     30,   0.021,    0.1,   0.355,   0.293, -0.062, new
 654, mvc-3765 ,   185,  mvc-3570 ,   194, CoO3Y        ,     30,   0.063,    0.1,   0.373,   0.267, -0.106, new
 656, mvc-3769 ,   185,  mvc-3559 ,   194, MoO3Y        ,     30,   0.050,    0.1,   0.471,   0.430, -0.041, new
 658, mvc-3773 ,   185,  mvc-14342,   194, NiO3Y        ,     30,   0.000,    0.1,   0.000,   0.289,  0.289, new
 660, mp-685146,    36,  mp-1008471,   63, CdTe         ,      8,   0.175,    0.0,   1.449,   0.788, -0.661, new
 662, mp-766636,    33,  mp-761990,    63, LiNiO4P      ,     84,   0.002,    2.6,   1.410,   1.193, -0.217, new
 664, mp-995191,    38,  mp-19990 ,   123, BaO3Ti       ,     10,   0.002,    0.1,   0.094,   0.121,  0.027, Known
 666, mp-769278,     4,  mp-758750,    63, CuLiO4P      ,     28,   0.006,    0.7,   2.075,   1.240, -0.835, new
 668, mvc-3772 ,   185,  mvc-15989,   194, O3WY         ,     30,   0.000,    0.1,   0.000,   0.357,  0.357, new
 672, mvc-3770 ,   185,  mvc-13691,   194, O3VY         ,     30,   0.072,    0.1,   0.489,   0.288, -0.201, new
 674, mvc-3501 ,   185,  mvc-15945,   194, AlCuO3       ,     30,   0.034,    0.2,   0.844,   0.534, -0.310, new
 676, mvc-3776 ,   185,  mvc-14043,   194, AlNiO3       ,     30,   0.000,    0.1,   0.000,   0.308,  0.308, new
 678, mvc-3777 ,   185,  mvc-15992 ,  194, AlMnO3       ,     30,   0.001,    0.1,   0.207,   0.191, -0.016, new
 680, mp-571547,     7,  mp-567525 ,   12, AuTe2        ,     12,   0.000,    0.0,   0.000,   0.298,  0.298, new
 682, mvc-3779 ,   185,  mvc-14006 ,  194, AlMoO3       ,     30,   0.083,    0.2,   1.273,   0.838, -0.435, new
 684, mvc-13534,   185,  mvc-11096 ,  194, MoO3         ,     24,   0.003,    0.0,   0.629,   0.438, -0.191, new
 686, mp-989524,   161,  mp-989455 ,  167, LaN3W        ,     30,   0.033,    0.0,   0.243,   0.266,  0.023, new
 688, mp-762828,    33,  mp-780325 ,   63, LiMnO4Si     ,     84,  -0.002,    0.4,   0.224,   0.226,  0.002, new
 690, mp-999317,    31,  mp-1009496,  216, NOs          ,      4,   0.000,    0.0,   0.000,   0.421,  0.421, new
 692, mp-567072,    36,  mp-510616 ,  194, NaO11V6      ,     72,   0.016,    0.1,   0.269,   0.279,  0.010, new
 694, mp-27442 ,     5,  mp-676553 ,   12, CrI3Rb       ,     40,   0.003,    0.1,   0.396,   0.304, -0.092, new
 696, mp-571305,     5,  mp-569526 ,  194, Cl3CuRb      ,     40,   0.026,    0.3,   0.699,   0.490, -0.209, new
 698, mp-676117,    31,  mp-35841  ,  216, CuGeLi2      ,      8,   0.000,    0.1,   0.000,   0.153,  0.153, new
 700, mp-625996,     6,  mp-23891  ,   63, HNaO         ,      6,  -0.070,    0.1,   1.508,   1.241, -0.267, new
 702, mp-684653,    31,  mp-22297  ,  216, Cu2Se        ,      6,   0.000,    0.7,   0.000,   1.480,  1.480, new
 704, mp-653633,     9,  mp-653454 ,   62, Cl4K2Zn      ,    336,   0.000,   44.9,   0.000,   0.854,  0.854, new
 706, mp-579836,    29,  mp-567153 ,  219, B7BrMn3O13   ,     96,   0.009,    0.5,   0.509,   0.468, -0.041, new
 708, mp-683963,    33,  mp-17237  ,   63, Gd3O7Ru      ,     88,   0.000,    2.4,   0.000,   0.516,  0.516, new
 710, mp-7526  ,   107,  mp-475    ,  225, PSn          ,      4,   0.011,    0.1,   0.457,   0.224, -0.233, new
 712, mp-676597,    36,  mp-27363  ,  194, BaSe3V       ,     20,   0.015,    0.0,   0.337,   0.317, -0.020, new
 714, mp-690866,     4,  mp-868359 ,   62, LiMnO4P      ,     28,   0.041,    0.4,   2.552,   1.489, -1.063, new
 716, mp-567430,   185,  mp-569753 ,  194, Cl3CoTl      ,     30,   0.001,    0.0,   0.290,   0.231, -0.059, new
 718, mp-567291,    33,  mp-16825  ,   63, Gd3O7Os      ,     88,   0.000,    2.8,   0.000,   0.550,  0.550, new
 720, mvc-3476 ,   185,  mvc-15935 ,  194, AgAlO3       ,     30,   0.240,    0.3,   1.112,   0.855, -0.257, new
 722, mvc-3466 ,   185,  mvc-13964 ,  194, AlO3Ti       ,     30,  -0.003,    0.1,   0.371,   0.298, -0.073, new
 724, mp-715557,     8,  mp-19066  ,   65, O8W3         ,     44,   0.015,    2.7,   1.733,   0.086, -1.647, new
 726, mvc-13841,    40,  mp-1008922,  225, CuN          ,      8,   0.000,    0.7,   0.000,   1.197,  1.197, new
 728, mp-640286,     4,  mp-655580 ,   19, CeCu4Sn      ,     24,   0.000,    0.2,   0.000,   1.432,  1.432, new
 730, mvc-15478,    40,  mp-1009078,  225, CoN          ,      8,   0.000,    2.4,   0.000,   1.135,  1.135, new
 732, mvc-10916,     8,  mvc-14934 ,  216, CaFeO6W      ,     18,   0.000,    0.1,   0.053,   0.050, -0.003, new
 736, mvc-15005,     5,  mvc-11366 ,   15, CoO6Si2      ,     36,   0.002,    0.1,   0.099,   0.224,  0.125, new
 738, mvc-12582,     8,  mvc-8188  ,   12, CaFe2O4      ,     28,   0.026,    0.1,   1.117,   0.830, -0.287, new
